feature,GS-SHAP
vader,0.0001592271323897876
ttr,0.0001592271323897876
is_therapist,0.0001592271323897876
word_count,0.0001592271323897876
neg_flag,1.9312165246105906e-05
