feature,PermSHAP
empathy_rate,0.1846814566329941
negation_rate,0.07246001087343538
wc_balance,0.054279279728570995
agreement_rate,0.04962000522201849
emp_agr_interact,0.040296288379273064
lag1_autocorr,0.034452659859214765
question_rate,0.02219585434212491
sent_std,0.013580368665293628
oscillation_rate,0.012912234119818093
sent_diff_ab,0.012357891199069148
sent_mean,0.010192126681910467
mean_ttr,0.0027329017230438204
